,isbn13,isbn10,title,authors,categories,thumbnail,description,published_year,average_rating,num_pages,ratings_count,title_and_subtitle,tagged_description
89,9780060005696,0060005696,The Paradox of Choice,Barry Schwartz,Business & Economics,,"The author of The Battle for Human Nature explains why too much choice has led to the ever increasing complexity of everyday decisions, why too much of a good thing has become detrimental to human psychological and emotional well-being, and how to focus our lives on making the right choices. Reprint. 35,000 first printing.",2005.0,3.84,265.0,23734.0,The Paradox of Choice: Why More Is Less,"9780060005696 The author of The Battle for Human Nature explains why too much choice has led to the ever increasing complexity of everyday decisions, why too much of a good thing has become detrimental to human psychological and emotional well-being, and how to focus our lives on making the right choices. Reprint. 35,000 first printing."
94,9780060084387,0060084383,Modern Mind,Peter Watson,Science,http://books.google.com/books/content?id=JVdMSavwwHoC&printsec=frontcover&img=1&zoom=1&source=gbs_api,"From Freud to Babbitt, from Animal Farm to Sartre to the Great Society, from the Theory of Relativity to counterculture to Kosovo, The Modern Mind is encyclopedic, covering the major writers, artists, scientists, and philosophers who produced the ideas by which we live. Peter Watson has produced a fluent and engaging narrative of the intellectual tradition of the twentieth century, and the men and women who created it.",2002.0,4.27,847.0,570.0,Modern Mind: An Intellectual History of the 20th Century,"9780060084387 From Freud to Babbitt, from Animal Farm to Sartre to the Great Society, from the Theory of Relativity to counterculture to Kosovo, The Modern Mind is encyclopedic, covering the major writers, artists, scientists, and philosophers who produced the ideas by which we live. Peter Watson has produced a fluent and engaging narrative of the intellectual tradition of the twentieth century, and the men and women who created it."
159,9780060577865,006057786X,Bad Childhood---Good Life,Laura Schlessinger,Self-Help,http://books.google.com/books/content?id=2sepdlitBW8C&printsec=frontcover&img=1&zoom=1&edge=curl&source=gbs_api,"Exploring how the past influences the present, the author discusses how to understand each individual's unique coping style and how to tap into the extraordinary quality of human spirit that will create the transition from victim to victor.",2006.0,3.92,272.0,502.0,Bad Childhood---Good Life: How to Blossom and Thrive in Spite of an Unhappy Childhood,"9780060577865 Exploring how the past influences the present, the author discusses how to understand each individual's unique coping style and how to tap into the extraordinary quality of human spirit that will create the transition from victim to victor."
280,9780060906825,0060906820,DREAM & THE UNDERWOR,James Hillman,Psychology,http://books.google.com/books/content?id=-vMpuwPRVFsC&printsec=frontcover&img=1&zoom=1&source=gbs_api,"In a deepening of the thinking begun in The Myth of Analysis and Re-Visioning Psychology, James Hillman develops the first new view of dreams since Freud and Jung.",1979.0,4.23,256.0,709.0,DREAM & THE UNDERWOR,"9780060906825 In a deepening of the thinking begun in The Myth of Analysis and Re-Visioning Psychology, James Hillman develops the first new view of dreams since Freud and Jung."
323,9780060958336,0060958332,The Language Instinct,Steven Pinker,Language Arts & Disciplines,http://books.google.com/books/content?id=NrXVUNbLaMUC&printsec=frontcover&img=1&zoom=1&source=gbs_api,"In this classic study, the world's leading expert on language and the mind lucidly explains everything you always wanted to know about languages: how it works, how children learn it, how it changes, how the brain computes it, and how it envolved. With wit, erudition, and deft use it everyday examples of humor and wordplay, Steven Pinker weaves our vast knowledge of language into a compelling story: language is a human instinct, wired into our brains by evolution like web spinning in spiders or sonar bats. The Language Instinct received the William James Book Prize from the American Psychological Association and the Public Interest Award from the Linguistics Society of America.",2000.0,4.05,448.0,14293.0,The Language Instinct: How the Mind Creates Language,"9780060958336 In this classic study, the world's leading expert on language and the mind lucidly explains everything you always wanted to know about languages: how it works, how children learn it, how it changes, how the brain computes it, and how it envolved. With wit, erudition, and deft use it everyday examples of humor and wordplay, Steven Pinker weaves our vast knowledge of language into a compelling story: language is a human instinct, wired into our brains by evolution like web spinning in spiders or sonar bats. The Language Instinct received the William James Book Prize from the American Psychological Association and the Public Interest Award from the Linguistics Society of America."
388,9780061196676,0061196673,Smithsonian Intimate Guide to Human Origins,Carl Zimmer,Social Science,http://books.google.com/books/content?id=xufuSNGg_vMC&printsec=frontcover&img=1&zoom=1&source=gbs_api,"From the savannas of Africa to modern-day labs for biomechanical analysis and molecular genetics, Smithsonian Intimate Guide to Human Origins reveals how anthropologists are furiously redrawing the human family tree. Their discoveries have spawned a host of new questions: Should chimpanzees be included as a human species? Was it the physical difficulty of human childbirth that encouraged the development of social groups in early human species? Did humans and Neanderthals interbreed? Why did humans supplant Neanderthals in the end? In answering such questions, Smithsonian Intimate Guide to Human Origins sheds new light on one of the most important questions of all: What makes us human?",2007.0,4.0,176.0,167.0,Smithsonian Intimate Guide to Human Origins,"9780061196676 From the savannas of Africa to modern-day labs for biomechanical analysis and molecular genetics, Smithsonian Intimate Guide to Human Origins reveals how anthropologists are furiously redrawing the human family tree. Their discoveries have spawned a host of new questions: Should chimpanzees be included as a human species? Was it the physical difficulty of human childbirth that encouraged the development of social groups in early human species? Did humans and Neanderthals interbreed? Why did humans supplant Neanderthals in the end? In answering such questions, Smithsonian Intimate Guide to Human Origins sheds new light on one of the most important questions of all: What makes us human?"
455,9780091898243,0091898242,Darwin's Watch,Terry Pratchett;Ian Stewart;Jack Sidney Cohen,Cosmology,http://books.google.com/books/content?id=91OA4xpB3qAC&printsec=frontcover&img=1&zoom=1&source=gbs_api,"Roundworld is in trouble again, and this time it looks fatal. Having created it in the first place, the wizards of Unseen Univeristy feel vaguely responsible for its safety. They know the creatures who lived there escaped the impending Big Freeze by inventing the space elevator - they even intervened to rid the planet of a plague of elves, who attempted to divert humanity onto a different time track. But now it's all gone wrong - Victorian England has stagnated and the pace of progress would embarrass a limping snail. Unless something drastic is done, there won't be time for anyone to invent spaceflight and the human race will be turned into ice-pops. Why, though, did history come adrift? Was it Sir Arthur Nightingale's dismal book about natural selection? Or was it the devastating response by an obscure country vicar called Charles Darwin, whose bestselling Theology of Species made it impossible to refute the divine design of living creatures? Either way, it's no easy task to change history, as the wizards discover to their cost. Can the God of Evolution come to humanity's aid and ensure Darwin writes a very different book? And who stopped him writing it in the first place? 'The hard science is as gripping as the fiction' - The Times 'Entertaining and illuminating' - New Scientist",2006.0,3.94,344.0,3481.0,Darwin's Watch,"9780091898243 Roundworld is in trouble again, and this time it looks fatal. Having created it in the first place, the wizards of Unseen Univeristy feel vaguely responsible for its safety. They know the creatures who lived there escaped the impending Big Freeze by inventing the space elevator - they even intervened to rid the planet of a plague of elves, who attempted to divert humanity onto a different time track. But now it's all gone wrong - Victorian England has stagnated and the pace of progress would embarrass a limping snail. Unless something drastic is done, there won't be time for anyone to invent spaceflight and the human race will be turned into ice-pops. Why, though, did history come adrift? Was it Sir Arthur Nightingale's dismal book about natural selection? Or was it the devastating response by an obscure country vicar called Charles Darwin, whose bestselling Theology of Species made it impossible to refute the divine design of living creatures? Either way, it's no easy task to change history, as the wizards discover to their cost. Can the God of Evolution come to humanity's aid and ensure Darwin writes a very different book? And who stopped him writing it in the first place? 'The hard science is as gripping as the fiction' - The Times 'Entertaining and illuminating' - New Scientist"
502,9780099458265,0099458268,Human Traces,Sebastian Faulks,Europe,http://books.google.com/books/content?id=KTKZiwoIHMUC&printsec=frontcover&img=1&zoom=1&source=gbs_api,"As young boys both Jacques RebiSre and Thomas Midwinter become fascinated with trying to understand the human mind.As psychiatris- ts, their quest takes them from the squalor of the Victorian lunatic asylum to the crowded lecture halls of the renowned Professor Charcot in Paris; from the heights of the Sierra Madre in California to the plains of unexplored Africa. As the concerns of the old century fade and the First World War divides Europe, the two men's volatile relationship develops and changes, but is always tempered by one exceptional woman; Thomas's sister Sonia.Moving and challenging in equal measure, HUMAN TRACES explores the question of what kind of beings men and women really are.",2006.0,3.63,793.0,3388.0,Human Traces,"9780099458265 As young boys both Jacques RebiSre and Thomas Midwinter become fascinated with trying to understand the human mind.As psychiatris- ts, their quest takes them from the squalor of the Victorian lunatic asylum to the crowded lecture halls of the renowned Professor Charcot in Paris; from the heights of the Sierra Madre in California to the plains of unexplored Africa. As the concerns of the old century fade and the First World War divides Europe, the two men's volatile relationship develops and changes, but is always tempered by one exceptional woman; Thomas's sister Sonia.Moving and challenging in equal measure, HUMAN TRACES explores the question of what kind of beings men and women really are."
600,9780140244915,0140244913,How the Mind Works,Steven Pinker,Philosophy,http://books.google.com/books/content?id=O521DV3v47wC&printsec=frontcover&img=1&zoom=1&source=gbs_api,"""Presented with extraordinary lucidity, cogency and panache...Powerful and gripping...To have read [the book] is to have consulted a first draft of the structural plan of the human psyche...a glittering tour de force"" - Spectator ""Why do memories fade? Why do we lose our tempers? Why do fools fall in love? Pinker's objective in this erudite account is to explore the nature and history of the human mind...He explores computations and evolutions, and then considers how the mind lets us ""see, think, feel, interact, and pursue higher callings like art, religion and philosophy"" - Sunday Times",1999.0,3.97,660.0,225.0,How the Mind Works,"9780140244915 ""Presented with extraordinary lucidity, cogency and panache...Powerful and gripping...To have read [the book] is to have consulted a first draft of the structural plan of the human psyche...a glittering tour de force"" - Spectator ""Why do memories fade? Why do we lose our tempers? Why do fools fall in love? Pinker's objective in this erudite account is to explore the nature and history of the human mind...He explores computations and evolutions, and then considers how the mind lets us ""see, think, feel, interact, and pursue higher callings like art, religion and philosophy"" - Sunday Times"
799,9780142003343,0142003344,The Blank Slate,Steven Pinker,Psychology,http://books.google.com/books/content?id=7rJ5gI1LbXoC&printsec=frontcover&img=1&zoom=1&source=gbs_api,"In a study of the nature versus nurture debate, one of the world's foremost experts on language and the mind explores the modern self-denial of our basic human natures.",2003.0,4.08,528.0,17851.0,The Blank Slate: The Modern Denial of Human Nature,"9780142003343 In a study of the nature versus nurture debate, one of the world's foremost experts on language and the mind explores the modern self-denial of our basic human natures."
997,9780195108965,0195108965,Notebooks of the Mind,Vera John-Steiner,Psychology,http://books.google.com/books/content?id=uj1RDAAAQBAJ&printsec=frontcover&img=1&zoom=1&edge=curl&source=gbs_api,"How do creative people think? Do great works of the imagination originate in words or in images? Is there a rational explanation for the sudden appearance of geniuses like Mozart or Einstein? Such questions have fascinated people for centuries; only in recent years, however, has cognitive psychology been able to provide some clues to the mysterious process of creativity. In this revised edition of Notebooks of the Mind, Vera John-Steiner combines imaginative insight with scientific precision to produce a startling account of the human mind working at its highest potential. To approach her subject John-Steiner goes directly to the source, assembling the thoughts of ""experienced thinkers""--artists, philosophers, writers, and scientists able to reflect on their own imaginative patterns. More than fifty interviews (with figures ranging from Jessica Mitford to Aaron Copland), along with excerpts from the diaries, letters, and autobiographies of such gifted giants as Leo Tolstoy, Marie Curie, and Diego Rivera, among others, provide illuminating insights into creative activity. We read, for example, of Darwin's preoccupation with the image of nature as a branched tree while working on his concept of evolution. Mozart testifies to the vital influence on his mature art of the wondrous ""bag of memories"" he retained from childhood. Anais Nin describes her sense of words as oppressive, explaining how imagistic free association freed her as a writer. Adding these personal accounts to laboratory studies of thought process, John-Steiner takes a refreshingly holistic approach to the question of creativity. What emerges is an intriguing demonstration of how specific sociocultural circumstances interact with certain personality traits to encourage the creative mind. Among the topics examined here are the importance of childhood mentor figures; the lengthy apprenticeship of the talented person; and the development of self- expression through highly individualistic languages, whether in images, movement or inner speech. Now, with a new introduction, this award-winning book provides an uniquely broad-based study of the origins, development and fruits of human inspiration.",1997.0,3.81,288.0,17.0,Notebooks of the Mind: Explorations of Thinking,"9780195108965 How do creative people think? Do great works of the imagination originate in words or in images? Is there a rational explanation for the sudden appearance of geniuses like Mozart or Einstein? Such questions have fascinated people for centuries; only in recent years, however, has cognitive psychology been able to provide some clues to the mysterious process of creativity. In this revised edition of Notebooks of the Mind, Vera John-Steiner combines imaginative insight with scientific precision to produce a startling account of the human mind working at its highest potential. To approach her subject John-Steiner goes directly to the source, assembling the thoughts of ""experienced thinkers""--artists, philosophers, writers, and scientists able to reflect on their own imaginative patterns. More than fifty interviews (with figures ranging from Jessica Mitford to Aaron Copland), along with excerpts from the diaries, letters, and autobiographies of such gifted giants as Leo Tolstoy, Marie Curie, and Diego Rivera, among others, provide illuminating insights into creative activity. We read, for example, of Darwin's preoccupation with the image of nature as a branched tree while working on his concept of evolution. Mozart testifies to the vital influence on his mature art of the wondrous ""bag of memories"" he retained from childhood. Anais Nin describes her sense of words as oppressive, explaining how imagistic free association freed her as a writer. Adding these personal accounts to laboratory studies of thought process, John-Steiner takes a refreshingly holistic approach to the question of creativity. What emerges is an intriguing demonstration of how specific sociocultural circumstances interact with certain personality traits to encourage the creative mind. Among the topics examined here are the importance of childhood mentor figures; the lengthy apprenticeship of the talented person; and the development of self- expression through highly individualistic languages, whether in images, movement or inner speech. Now, with a new introduction, this award-winning book provides an uniquely broad-based study of the origins, development and fruits of human inspiration."
1005,9780195145816,019514581X,Philosophy of Mind,David John Chalmers,Philosophy,http://books.google.com/books/content?id=rtEo8PRjpVoC&printsec=frontcover&img=1&zoom=1&source=gbs_api,"This is a comprehensive collection of readings in the philosophy of mind, ranging from Descartes to the leading edge of the discipline. Extensive selections cover foundations, the nature of consciousness, and the nature of mental content.",2002.0,4.07,675.0,414.0,Philosophy of Mind: Classical and Contemporary Readings,"9780195145816 This is a comprehensive collection of readings in the philosophy of mind, ranging from Descartes to the leading edge of the discipline. Extensive selections cover foundations, the nature of consciousness, and the nature of mental content."
1108,9780285647473,0285647474,Zen Buddhism & Psychoanalysis,Daisetz Teitaro Suzuki;Erich Fromm;Richard De Martino,Psychoanalysis and religion,http://books.google.com/books/content?id=wMEAJwAACAAJ&printsec=frontcover&img=1&zoom=1&source=gbs_api,"The key book in our quest for understanding of ourselves and our lives.What differences are there in Eastern and Western thought regarding the nature of the human mind and our role in the cosmos? How can Zen and psychoanalysis help us in our struggle to realise our full potential as human beings and members of society?Erich Fromm's seminal work among contemporary efforts to resolve our spiritual crisis results here in the great achievement of a language to reveal the contributions of Zen and psychoanalysis to our 'struggle to be fully born'. He shows how both can teach us in their different ways to live our lives rather than be 'lived by them'.D.T. Suzuki explains with profound and gentle wisdom how Western materialism and intellectualism contrast with the Eastern concept of acceptance as the basis of well-being for the 'whole man'. His illuminating discussion of the unconscious and the self shed fresh light on our understanding of our own nature.Combined with Richard De Martino's clear account of the psychology of Zen, these writings make up a work of brilliance and value that has much to help us in our quest for understanding.",1974.0,3.94,188.0,517.0,Zen Buddhism & Psychoanalysis,"9780285647473 The key book in our quest for understanding of ourselves and our lives.What differences are there in Eastern and Western thought regarding the nature of the human mind and our role in the cosmos? How can Zen and psychoanalysis help us in our struggle to realise our full potential as human beings and members of society?Erich Fromm's seminal work among contemporary efforts to resolve our spiritual crisis results here in the great achievement of a language to reveal the contributions of Zen and psychoanalysis to our 'struggle to be fully born'. He shows how both can teach us in their different ways to live our lives rather than be 'lived by them'.D.T. Suzuki explains with profound and gentle wisdom how Western materialism and intellectualism contrast with the Eastern concept of acceptance as the basis of well-being for the 'whole man'. His illuminating discussion of the unconscious and the self shed fresh light on our understanding of our own nature.Combined with Richard De Martino's clear account of the psychology of Zen, these writings make up a work of brilliance and value that has much to help us in our quest for understanding."
1117,9780300000894,0300000898,Psychoanalysis and Religion,Erich Fromm,Psychology,http://books.google.com/books/content?id=gtAgGreKUcEC&printsec=frontcover&img=1&zoom=1&edge=curl&source=gbs_api,"A noted psychoanalyst assesses the modern issue between traditional religion and a philosophy that takes as the sole aim in life the satisfaction of instinctive and material values. ""A daring book to have cast into the midst of the world's excitements, for it will itself breed new excitements...it is not a book to be missed by those interested in man's spiritual growth.""--New York Times",1950.0,4.04,126.0,822.0,Psychoanalysis and Religion,"9780300000894 A noted psychoanalyst assesses the modern issue between traditional religion and a philosophy that takes as the sole aim in life the satisfaction of instinctive and material values. ""A daring book to have cast into the midst of the world's excitements, for it will itself breed new excitements...it is not a book to be missed by those interested in man's spiritual growth.""--New York Times"
1449,9780345346292,0345346297,The Dragons of Eden,Carl Sagan,Nature,http://books.google.com/books/content?id=Nmkozwd_gfYC&printsec=frontcover&img=1&zoom=1&source=gbs_api,The well-known astronomer and astrobiologist surveys current knowledge of the development of intelligence on Earth in various forms of life and explains his persuasion that intelligence must have developed along similar lines throughout the universe,1977.0,4.17,271.0,14974.0,The Dragons of Eden: Speculations on the Evolution of Human Intelligence,9780345346292 The well-known astronomer and astrobiologist surveys current knowledge of the development of intelligence on Earth in various forms of life and explains his persuasion that intelligence must have developed along similar lines throughout the universe
1853,9780385495172,038549517X,The Mating Mind,Geoffrey Miller,Psychology,http://books.google.com/books/content?id=pJfoKtG1n2wC&printsec=frontcover&img=1&zoom=1&source=gbs_api,"Drawing on the latest research in evolutionary biology, a groundbreaking study of the link between evolution and human sexuality argues that the development of the human brain can be linked to the need to attract and win sexual partners. Reprint. 10,000 first printing.",2000.0,4.09,528.0,2057.0,The Mating Mind: How Sexual Choice Shaped the Evolution of Human Nature,"9780385495172 Drawing on the latest research in evolutionary biology, a groundbreaking study of the link between evolution and human sexuality argues that the development of the human brain can be linked to the need to attract and win sexual partners. Reprint. 10,000 first printing."
1903,9780393308198,0393308197,The Panda's Thumb,Stephen Jay Gould,Science,http://books.google.com/books/content?id=El7dRJiKCHAC&printsec=frontcover&img=1&zoom=1&source=gbs_api,"In a series of essays giving careful consideration to the theory of evolution, Gould examines some of the more intriguing mysteries of the topic, studying the Piltdown Man hoax, the deceleration of earth's rotation, and other phenomena",1992.0,4.11,352.0,5642.0,The Panda's Thumb: More Reflections in Natural History,"9780393308198 In a series of essays giving careful consideration to the theory of evolution, Gould examines some of the more intriguing mysteries of the topic, studying the Piltdown Man hoax, the deceleration of earth's rotation, and other phenomena"
1905,9780393311037,0393311031,Hen's Teeth and Horse's Toes,Stephen Jay Gould,Nature,http://books.google.com/books/content?id=EPh9jD0XwR4C&printsec=frontcover&img=1&zoom=1&source=gbs_api,"A collection of essays answers questions about key scientific concepts, focusing, in particular, on Darwin's theory of evolution, natural selection, and its impact on biology, natural history, and modern science",1994.0,4.1,416.0,1680.0,Hen's Teeth and Horse's Toes,"9780393311037 A collection of essays answers questions about key scientific concepts, focusing, in particular, on Darwin's theory of evolution, natural selection, and its impact on biology, natural history, and modern science"
1974,9780395877432,0395877431,Demonic Males,Richard W. Wrangham;Dale Peterson,Nature,http://books.google.com/books/content?id=fP0c4b3jbMYC&printsec=frontcover&img=1&zoom=1&edge=curl&source=gbs_api,"Draws on recent discoveries about human evolution to examine whether violence among men is a product of their primitive heritage, and searches for solutions to the problems of war, rape, and murder",1996.0,4.02,368.0,662.0,Demonic Males: Apes and the Origins of Human Violence,"9780395877432 Draws on recent discoveries about human evolution to examine whether violence among men is a product of their primitive heritage, and searches for solutions to the problems of war, rape, and murder"
2261,9780446518628,044651862X,The Celestine Prophecy,James Redfield,Fiction,http://books.google.com/books/content?id=UXolxgEACAAJ&printsec=frontcover&img=1&zoom=1&source=gbs_api,"You have never read a book like this before -- a book that comes along once in a lifetime to change lives forever. In the rain forests of Peru, an ancient manuscript has been discovered. Within its pages are 9 key insights into life itself -- insights each human being is predicted to grasp sequentially; one insight, then another, as we move toward a completely spiritual culture on Earth. Drawing on ancient wisdom, it tells you how to make connections among the events happening in your life right now and lets you see what is going to happen to you in the years to come. The story it tells is a gripping one of adventure and discovery, but it is also a guidebook that has the power to crystallize your perceptions of why you are where you are in life and to direct your steps with a new energy and optimisim as you head into tomorrow.",1994.0,3.63,247.0,1280.0,The Celestine Prophecy: An Adventure,"9780446518628 You have never read a book like this before -- a book that comes along once in a lifetime to change lives forever. In the rain forests of Peru, an ancient manuscript has been discovered. Within its pages are 9 key insights into life itself -- insights each human being is predicted to grasp sequentially; one insight, then another, as we move toward a completely spiritual culture on Earth. Drawing on ancient wisdom, it tells you how to make connections among the events happening in your life right now and lets you see what is going to happen to you in the years to come. The story it tells is a gripping one of adventure and discovery, but it is also a guidebook that has the power to crystallize your perceptions of why you are where you are in life and to direct your steps with a new energy and optimisim as you head into tomorrow."
2418,9780451528308,0451528301,Ten Great Works of Philosophy,Robert Paul Wolff,Fiction,http://books.google.com/books/content?id=uMxnFS4jS88C&printsec=frontcover&img=1&zoom=1&source=gbs_api,"From ancient Greece to 19th-century America, this collection traces the history of civilization through the seminal works of its most influential thinkers including Plato, Aristotle, St. Thomas Aquinas, John Stuart Mill, and others.",2002.0,3.82,592.0,85.0,Ten Great Works of Philosophy,"9780451528308 From ancient Greece to 19th-century America, this collection traces the history of civilization through the seminal works of its most influential thinkers including Plato, Aristotle, St. Thomas Aquinas, John Stuart Mill, and others."
2460,9780465031269,0465031269,Why is sex fun?,Jared M. Diamond,Health & Fitness,http://books.google.com/books/content?id=e7IPAQAAMAAJ&printsec=frontcover&img=1&zoom=1&source=gbs_api,Why are humans one of the few species to have sex in private? Why are human females the only mammals to go through menopause? Why is the human penis so unnecessarily large? There is no more knowledgeable authority than the award-winning author of THE THIRD CHIMPANZEE to answer these intriguing questions. Here is a delightfully entertaining and enlightening look at the unique sex lives of humans.,1997.0,3.71,176.0,4256.0,Why is sex fun?: the evolution of human sexuality,9780465031269 Why are humans one of the few species to have sex in private? Why are human females the only mammals to go through menopause? Why is the human penis so unnecessarily large? There is no more knowledgeable authority than the award-winning author of THE THIRD CHIMPANZEE to answer these intriguing questions. Here is a delightfully entertaining and enlightening look at the unique sex lives of humans.
2462,9780465056743,0465056741,Philosophy In The Flesh,George Lakoff,Philosophy,http://books.google.com/books/content?id=csAStAEACAAJ&printsec=frontcover&img=1&zoom=1&source=gbs_api,"What are human beings like? How is knowledge possible? What is truth? Where do moral values come from? Questions like these have stood at the center of Western philosophy for centuries. In addressing them, philosophers have made certain fundamental assumptions-that we can know our own minds by introspection, that most of our thinking about the world is literal, and that reason is disembodied and universal-that are now called into question by well-established results of cognitive science. It has been shown empirically that:Most thought is unconscious. We have no direct conscious access to the mechanisms of thought and language. Our ideas go by too quickly and at too deep a level for us to observe them in any simple way.Abstract concepts are mostly metaphorical. Much of the subject matter of philosopy, such as the nature of time, morality, causation, the mind, and the self, relies heavily on basic metaphors derived from bodily experience. What is literal in our reasoning about such concepts is minimal and conceptually impoverished. All the richness comes from metaphor. For instance, we have two mutually incompatible metaphors for time, both of which represent it as movement through space: in one it is a flow past us and in the other a spatial dimension we move along.Mind is embodied. Thought requires a body-not in the trivial sense that you need a physical brain to think with, but in the profound sense that the very structure of our thoughts comes from the nature of the body. Nearly all of our unconscious metaphors are based on common bodily experiences.Most of the central themes of the Western philosophical tradition are called into question by these findings. The Cartesian person, with a mind wholly separate from the body, does not exist. The Kantian person, capable of moral action according to the dictates of a universal reason, does not exist. The phenomenological person, capable of knowing his or her mind entirely through introspection alone, does not exist. The utilitarian person, the Chomskian person, the poststructuralist person, the computational person, and the person defined by analytic philosopy all do not exist.Then what does?Lakoff and Johnson show that a philosopy responsible to the science of mind offers radically new and detailed understandings of what a person is. After first describing the philosophical stance that must follow from taking cognitive science seriously, they re-examine the basic concepts of the mind, time, causation, morality, and the self: then they rethink a host of philosophical traditions, from the classical Greeks through Kantian morality through modern analytic philosopy. They reveal the metaphorical structure underlying each mode of thought and show how the metaphysics of each theory flows from its metaphors. Finally, they take on two major issues of twentieth-century philosopy: how we conceive rationality, and how we conceive language.",1999.0,4.07,640.0,1100.0,Philosophy In The Flesh,"9780465056743 What are human beings like? How is knowledge possible? What is truth? Where do moral values come from? Questions like these have stood at the center of Western philosophy for centuries. In addressing them, philosophers have made certain fundamental assumptions-that we can know our own minds by introspection, that most of our thinking about the world is literal, and that reason is disembodied and universal-that are now called into question by well-established results of cognitive science. It has been shown empirically that:Most thought is unconscious. We have no direct conscious access to the mechanisms of thought and language. Our ideas go by too quickly and at too deep a level for us to observe them in any simple way.Abstract concepts are mostly metaphorical. Much of the subject matter of philosopy, such as the nature of time, morality, causation, the mind, and the self, relies heavily on basic metaphors derived from bodily experience. What is literal in our reasoning about such concepts is minimal and conceptually impoverished. All the richness comes from metaphor. For instance, we have two mutually incompatible metaphors for time, both of which represent it as movement through space: in one it is a flow past us and in the other a spatial dimension we move along.Mind is embodied. Thought requires a body-not in the trivial sense that you need a physical brain to think with, but in the profound sense that the very structure of our thoughts comes from the nature of the body. Nearly all of our unconscious metaphors are based on common bodily experiences.Most of the central themes of the Western philosophical tradition are called into question by these findings. The Cartesian person, with a mind wholly separate from the body, does not exist. The Kantian person, capable of moral action according to the dictates of a universal reason, does not exist. The phenomenological person, capable of knowing his or her mind entirely through introspection alone, does not exist. The utilitarian person, the Chomskian person, the poststructuralist person, the computational person, and the person defined by analytic philosopy all do not exist.Then what does?Lakoff and Johnson show that a philosopy responsible to the science of mind offers radically new and detailed understandings of what a person is. After first describing the philosophical stance that must follow from taking cognitive science seriously, they re-examine the basic concepts of the mind, time, causation, morality, and the self: then they rethink a host of philosophical traditions, from the classical Greeks through Kantian morality through modern analytic philosopy. They reveal the metaphorical structure underlying each mode of thought and show how the metaphysics of each theory flows from its metaphors. Finally, they take on two major issues of twentieth-century philosopy: how we conceive rationality, and how we conceive language."
2476,9780471133124,0471133124,Extraordinary Popular Delusions and the Madness of Crowds and ConfusiÃ3n de Confusiones,Charles Mackay,Business & Economics,http://books.google.com/books/content?id=h23HW5EJnyEC&printsec=frontcover&img=1&zoom=1&edge=curl&source=gbs_api,"A study of crowd behavior includes two landmark books of the past, Extraordinary Popular Delusions and the Madness of Crowds and Confusions de Confusions, that show how markets are shaped by the fluctuations of mob psychology. Reprint.",1996.0,3.91,224.0,34.0,Extraordinary Popular Delusions and the Madness of Crowds and ConfusiÃ3n de Confusiones,"9780471133124 A study of crowd behavior includes two landmark books of the past, Extraordinary Popular Delusions and the Madness of Crowds and Confusions de Confusions, that show how markets are shaped by the fluctuations of mob psychology. Reprint."
2526,9780486434148,0486434141,Discourse on the Origin of Inequality,Jean-Jacques Rousseau,Philosophy,http://books.google.com/books/content?id=UNooAwAAQBAJ&printsec=frontcover&img=1&zoom=1&edge=curl&source=gbs_api,"A strikingly original inquiry into politics and human nature, the Discourse presents a theoretical view of people in a pre-social condition and the ensuing effects of civilization. The author develops a theory of evolution that prefigures Darwinism and encompasses aspects of ethics, sociology, and epistemology. One of the most influential works of the Enlightenment.",2004.0,3.83,73.0,9630.0,Discourse on the Origin of Inequality,"9780486434148 A strikingly original inquiry into politics and human nature, the Discourse presents a theoretical view of people in a pre-social condition and the ensuing effects of civilization. The author develops a theory of evolution that prefigures Darwinism and encompasses aspects of ethics, sociology, and epistemology. One of the most influential works of the Enlightenment."
2595,9780521288842,0521288843,Evolution and the Theory of Games,John Maynard Smith,Science,http://books.google.com/books/content?id=Nag2IhmPS3gC&printsec=frontcover&img=1&zoom=1&edge=curl&source=gbs_api,"In this 1982 book, the theory of games, first developed to analyse economic behaviour, is modified so that it can be applied to evolving populations. John Maynard Smith's concept of an evolutionarily stable strategy is relevant whenever the best thing for an animal or plant to do depends on what others are doing. The theory leads to testable predictions about the evolution of behaviour, of sex and genetic systems, and of growth and life history patterns. This book contains a full account of the theory, and of the data relevant to it. The account is aimed at senior undergraduate and graduate students, teachers and research workers in animal behaviour, population genetics and evolutionary biology. The book will also be of interest to mathematicians and game theorists; the mathematics has been largely confined to appendixes so that the main text may be easily followed by biologists.",1982.0,4.0,234.0,80.0,Evolution and the Theory of Games,"9780521288842 In this 1982 book, the theory of games, first developed to analyse economic behaviour, is modified so that it can be applied to evolving populations. John Maynard Smith's concept of an evolutionarily stable strategy is relevant whenever the best thing for an animal or plant to do depends on what others are doing. The theory leads to testable predictions about the evolution of behaviour, of sex and genetic systems, and of growth and life history patterns. This book contains a full account of the theory, and of the data relevant to it. The account is aimed at senior undergraduate and graduate students, teachers and research workers in animal behaviour, population genetics and evolutionary biology. The book will also be of interest to mathematicians and game theorists; the mathematics has been largely confined to appendixes so that the main text may be easily followed by biologists."
2596,9780521290609,0521290600,Problems of the Self,Bernard Williams,Philosophy,http://books.google.com/books/content?id=RwWEgc-m0U0C&printsec=frontcover&img=1&zoom=1&edge=curl&source=gbs_api,"This is a volume of philosophical studies, centred on problems of personal identity and extending to related topics in the philosophy of mind and moral philosophy.",1976.0,4.02,276.0,52.0,Problems of the Self: Philosophical Papers 1956-1972,"9780521290609 This is a volume of philosophical studies, centred on problems of personal identity and extending to related topics in the philosophy of mind and moral philosophy."
2700,9780553345841,0553345842,The Mind's I,Douglas R. Hofstadter;Daniel Clement Dennett,Philosophy,http://books.google.com/books/content?id=hz22QgAACAAJ&printsec=frontcover&img=1&zoom=1&source=gbs_api,"Brilliant, shattering, mind-jolting, ""The Mind's I"" is a searching, probing nook--a cosmic journey of the mind--that goes deeply into the problem of self and self-consciousness as anything written in our time. From verbalizing chimpanzees to scientific speculations involving machines with souls, from the mesmerizing, maze-like fiction of Borges to the tantalizing, dreamlike fiction of Lem and Princess Ineffable, her circuits glowing read and gold, ""The Mind's I "" opens the mind to the Black Box of fantasy, to the windfalls of reflection, to new dimensions of exciting possibilities.",1982.0,4.14,512.0,4715.0,The Mind's I: Fantasies and Reflections on Self and Soul,"9780553345841 Brilliant, shattering, mind-jolting, ""The Mind's I"" is a searching, probing nook--a cosmic journey of the mind--that goes deeply into the problem of self and self-consciousness as anything written in our time. From verbalizing chimpanzees to scientific speculations involving machines with souls, from the mesmerizing, maze-like fiction of Borges to the tantalizing, dreamlike fiction of Lem and Princess Ineffable, her circuits glowing read and gold, ""The Mind's I "" opens the mind to the Black Box of fantasy, to the windfalls of reflection, to new dimensions of exciting possibilities."
2791,9780553803525,0553803522,Social Intelligence,Daniel Goleman,Psychology,http://books.google.com/books/content?id=akQLxTM-5_8C&printsec=frontcover&img=1&zoom=1&source=gbs_api,"The best-selling author of Emotional Intelligence redefines the nature of human relationships and its impact on every aspect of daily life, bringing together the latest research in biology and brain science to reveal how one's daily encounters shape the brain and affect the body, from daily mood to the immune response. 250,000 first printing.",2006.0,3.98,403.0,9957.0,Social Intelligence: The New Science of Human Relationships,"9780553803525 The best-selling author of Emotional Intelligence redefines the nature of human relationships and its impact on every aspect of daily life, bringing together the latest research in biology and brain science to reveal how one's daily encounters shape the brain and affect the body, from daily mood to the immune response. 250,000 first printing."
2893,9780618057078,0618057072,The Origin of Consciousness in the Breakdown of the Bicameral Mind,Julian Jaynes,Philosophy,http://books.google.com/books/content?id=6Q0kSEh_beUC&printsec=frontcover&img=1&zoom=1&source=gbs_api,"At the heart of this classic, seminal book is Julian Jaynes's still-controversial thesis that human consciousness did not begin far back in animal evolution but instead is a learned process that came about only three thousand years ago and is still developing. The implications of this revolutionary scientific paradigm extend into virtually every aspect of our psychology, our history and culture, our religion -- and indeed our future.",2000.0,4.24,491.0,3258.0,The Origin of Consciousness in the Breakdown of the Bicameral Mind,"9780618057078 At the heart of this classic, seminal book is Julian Jaynes's still-controversial thesis that human consciousness did not begin far back in animal evolution but instead is a learned process that came about only three thousand years ago and is still developing. The implications of this revolutionary scientific paradigm extend into virtually every aspect of our psychology, our history and culture, our religion -- and indeed our future."
2935,9780618619160,061861916X,The Ancestor's Tale,Richard Dawkins;Yan Wong,Science,http://books.google.com/books/content?id=rR9XPnaqvCMC&printsec=frontcover&img=1&zoom=1&edge=curl&source=gbs_api,"A renowned biologist provides a sweeping chronicle of more than four billion years of life on Earth, shedding new light on evolutionary theory and history, sexual selection, speciation, extinction, and genetics.",2005.0,4.13,688.0,18593.0,The Ancestor's Tale: A Pilgrimage to the Dawn of Evolution,"9780618619160 A renowned biologist provides a sweeping chronicle of more than four billion years of life on Earth, shedding new light on evolutionary theory and history, sexual selection, speciation, extinction, and genetics."
3038,9780674644847,0674644840,Origins of the Modern Mind,Merlin Donald,Medical,http://books.google.com/books/content?id=4Sk4vWkrUAgC&printsec=frontcover&img=1&zoom=1&edge=curl&source=gbs_api,"This bold and brilliant book asks the ultimate question of life sciences: How did the human mind acquire its incomparable power? Origins of the Modern Mind traces the evolution of human culture and cognition from primitive apes to the era of artificial intelligence, and presents an original theory of how the human mind evolved from its presymbolic form. Illustrated with line drawings.",1991.0,4.17,424.0,88.0,Origins of the Modern Mind: Three Stages in the Evolution of Culture and Cognition,"9780674644847 This bold and brilliant book asks the ultimate question of life sciences: How did the human mind acquire its incomparable power? Origins of the Modern Mind traces the evolution of human culture and cognition from primitive apes to the era of artificial intelligence, and presents an original theory of how the human mind evolved from its presymbolic form. Illustrated with line drawings."
3073,9780679724698,0679724699,The History of Sexuality,Michel Foucault,Sex customs,http://books.google.com/books/content?id=0Mbc5eMjLpoC&printsec=frontcover&img=1&zoom=1&source=gbs_api,"This controversial account, by one of the greatest intellectuals of the 20th century, explores the evolving social, economic and political forces that have shaped our attitudes to sex.",1990.0,4.04,176.0,14218.0,The History of Sexuality: Women's Decisions Concerning Contraception,"9780679724698 This controversial account, by one of the greatest intellectuals of the 20th century, explores the evolving social, economic and political forces that have shaped our attitudes to sex."
3195,9780688172176,0688172172,Phantoms in the Brain,V. S. Ramachandran,Medical,http://books.google.com/books/content?id=TMnuNquN2RgC&printsec=frontcover&img=1&zoom=1&source=gbs_api,"Neuroscientist V.S. Ramachandran is internationally renowned for uncovering answers to the deep and quirky questions of human nature that few scientists have dared to address. His bold insights about the brain are matched only by the stunning simplicity of his experiments -- using such low-tech tools as cotton swabs, glasses of water and dime-store mirrors. In Phantoms in the Brain, Dr. Ramachandran recounts how his work with patients who have bizarre neurological disorders has shed new light on the deep architecture of the brain, and what these findings tell us about who we are, how we construct our body image, why we laugh or become depressed, why we may believe in God, how we make decisions, deceive ourselves and dream, perhaps even why we're so clever at philosophy, music and art. Some of his most notable cases: A woman paralyzed on the left side of her body who believes she is lifting a tray of drinks with both hands offers a unique opportunity to test Freud's theory of denial. A man who insists he is talking with God challenges us to ask: Could we be ""wired"" for religious experience? A woman who hallucinates cartoon characters illustrates how, in a sense, we are all hallucinating, all the time. Dr. Ramachandran's inspired medical detective work pushes the boundaries of medicine's last great frontier -- the human mind -- yielding new and provocative insights into the ""big questions"" about consciousness and the self.",1999.0,4.25,352.0,14549.0,Phantoms in the Brain: Probing the Mysteries of the Human Mind,"9780688172176 Neuroscientist V.S. Ramachandran is internationally renowned for uncovering answers to the deep and quirky questions of human nature that few scientists have dared to address. His bold insights about the brain are matched only by the stunning simplicity of his experiments -- using such low-tech tools as cotton swabs, glasses of water and dime-store mirrors. In Phantoms in the Brain, Dr. Ramachandran recounts how his work with patients who have bizarre neurological disorders has shed new light on the deep architecture of the brain, and what these findings tell us about who we are, how we construct our body image, why we laugh or become depressed, why we may believe in God, how we make decisions, deceive ourselves and dream, perhaps even why we're so clever at philosophy, music and art. Some of his most notable cases: A woman paralyzed on the left side of her body who believes she is lifting a tray of drinks with both hands offers a unique opportunity to test Freud's theory of denial. A man who insists he is talking with God challenges us to ask: Could we be ""wired"" for religious experience? A woman who hallucinates cartoon characters illustrates how, in a sense, we are all hallucinating, all the time. Dr. Ramachandran's inspired medical detective work pushes the boundaries of medicine's last great frontier -- the human mind -- yielding new and provocative insights into the ""big questions"" about consciousness and the self."
3227,9780691017778,0691017778,The Myth of the Eternal Return,Mircea Eliade,Social Science,http://books.google.com/books/content?id=sqI9AAAAIAAJ&printsec=frontcover&img=1&zoom=1&source=gbs_api,This essay on humanity's experience of history and its interpretation begins with a study of the traditional or mythological view and concludes with a comparative estimate of modern historiological approaches.,1971.0,4.23,195.0,1706.0,"The Myth of the Eternal Return: Or, Cosmos and History",9780691017778 This essay on humanity's experience of history and its interpretation begins with a study of the traditional or mythological view and concludes with a comparative estimate of modern historiological approaches.
3688,9780767920094,0767920090,The Female Brain,Louann Brizendine,Psychology,http://books.google.com/books/content?id=-tpoFcql0kgC&printsec=frontcover&img=1&zoom=1&source=gbs_api,"The founder of the first clinic in the country to study and treat women's brain functions provides a truly comprehensive look at the way women's minds work, combining two decades of research, real-life stories, and all of the latest information from the scientific community at large. 35,000 first printing.",2006.0,3.82,304.0,8305.0,The Female Brain,"9780767920094 The founder of the first clinic in the country to study and treat women's brain functions provides a truly comprehensive look at the way women's minds work, combining two decades of research, real-life stories, and all of the latest information from the scientific community at large. 35,000 first printing."
3920,9780810117495,0810117495,The Phenomenon of Life,Hans Jonas;Eleonore Jonas,Philosophy,http://books.google.com/books/content?id=F2seCz7wmfQC&printsec=frontcover&img=1&zoom=1&edge=curl&source=gbs_api,"One of the most prominent thinkers of his generation, Hans Jonas wrote on topics as diverse as the philosophy of biology, ethics and cosmology. This work sets forth a systematic philosophy of biological facts, laid out in support of his claim that mind is prefigured throughout organic existence.",2001.0,4.23,304.0,89.0,The Phenomenon of Life: Toward a Philosophical Biology,"9780810117495 One of the most prominent thinkers of his generation, Hans Jonas wrote on topics as diverse as the philosophy of biology, ethics and cosmology. This work sets forth a systematic philosophy of biological facts, laid out in support of his claim that mind is prefigured throughout organic existence."
4096,9780835608305,0835608301,Beyond the Postmodern Mind,Huston Smith,Philosophy,http://books.google.com/books/content?id=lKnLBQAAQBAJ&printsec=frontcover&img=1&zoom=1&source=gbs_api,This new edition of critically acclaimed essays explores possible breakthroughs in the direction of reaching a liberated and enlightened consciousness. With a new preface and new final chapter. An invaluable collection of essays by the foremost religious writer in America today.,2003.0,4.21,295.0,67.0,Beyond the Postmodern Mind: The Place of Meaning in a Global Civilization,9780835608305 This new edition of critically acclaimed essays explores possible breakthroughs in the direction of reaching a liberated and enlightened consciousness. With a new preface and new final chapter. An invaluable collection of essays by the foremost religious writer in America today.
4251,9780934380232,0934380236,The Crowd: Extradordinary Popular Delusions: Twin Classics of Crowd Pyschology,Gustave Le Bon;Charles Mackay,Psychology,http://books.google.com/books/content?id=3OXIPAAACAAJ&printsec=frontcover&img=1&zoom=1&source=gbs_api,"There are two classic texts that deal with crowd psychology and the irrational behavior that characterizes large groups of people acting en masse. They are The Crowd, and Extraordinary Popular Delusions and the Madness Crowds. Both books provide lucid and witty insights into the madness of crowd psychology, such as the tulipmania in Holland, when the price of tulip bulbs was up to astronomical heights. Both of these books are combined into a single volume for the price of one!",1993.0,3.94,288.0,379.0,The Crowd: Extradordinary Popular Delusions: Twin Classics of Crowd Pyschology,"9780934380232 There are two classic texts that deal with crowd psychology and the irrational behavior that characterizes large groups of people acting en masse. They are The Crowd, and Extraordinary Popular Delusions and the Madness Crowds. Both books provide lucid and witty insights into the madness of crowd psychology, such as the tulipmania in Holland, when the price of tulip bulbs was up to astronomical heights. Both of these books are combined into a single volume for the price of one!"
4261,9780940450721,0940450720,"Writings, 1878-1899",William James,Fiction,http://books.google.com/books/content?id=rr6kPc52tI4C&printsec=frontcover&img=1&zoom=1&source=gbs_api,"William James, a member of America's most illustrious intellectual family, is widely acclaimed as the country's foremost philosopher, the first of its psychologists, and a champion of religious pluralism. As the apostle of pragmatism, his influence on American thought is as strong now as it has ever been. James's emphasis on the creative power of faith, will, and action, his opening up of philosophy to the fresh air of ordinary experience, his fascination with alternative forms of belief and states of consciousness, and his impatience with dogmas of any kind--all make him a defender of individual experience, and earn him a place beside Emerson and Whitman as an exponent of American democratic culture. In this volume are the brilliant, engagingly written works of James's early and middle years. The Will to Believe and Other Essays in Popular Philosophy advances the liberating argument that each of us has the right to believe in hypotheses that are not susceptible to proof and that such beliefs might actually change the world. The conversational style of these essays reflects their origin in public lectures, as well as James's conviction that truth can be discovered as much in the course of everyday life as in the activities of science or of philosophical speculation. Talks to Teachers and to Students, also drawn from lectures, helped transform the emerging science of education. Here James applies his new psychology to classroom theory and conduct, especially for the primary grades. This immensely influential book has never gone out of print. It emphasizes the role in learning of instinct, play, and habit, along with the importance of engaging the voluntary interests of students. James's warm and sympathetic nature informs his treatment of children, who can best be taught by those who respect the child's autonomy and who avoid what he calls ""hammering in."" Psychology: Briefer Course is far more than a shortened version of his monumental Principles of Psychology. It significantly revises parts of the earlier work and adds important new materials. (Students liked to call the longer book ""James"" and the shorter one ""Jimmy"".) James's new psychology moved away from discussions of the soul, morality, and logic, and focused instead on instinct, will, and the importance of action and habit. Passages comparing human consciousness to ""a wonderful stream"" inspired the ""stream of consciousness"" in the future work of Joyce, Woolf, and Gertrude Stein, a student of James's at Harvard. ""Human Immortality,"" which defends the possibility of life after death, and eight more of James's most important essays round out this second volume devoted to a writer who was called by John Dewey ""almost a Columbus of the inner world.""",1992.0,4.22,1212.0,87.0,"Writings, 1878-1899","9780940450721 William James, a member of America's most illustrious intellectual family, is widely acclaimed as the country's foremost philosopher, the first of its psychologists, and a champion of religious pluralism. As the apostle of pragmatism, his influence on American thought is as strong now as it has ever been. James's emphasis on the creative power of faith, will, and action, his opening up of philosophy to the fresh air of ordinary experience, his fascination with alternative forms of belief and states of consciousness, and his impatience with dogmas of any kind--all make him a defender of individual experience, and earn him a place beside Emerson and Whitman as an exponent of American democratic culture. In this volume are the brilliant, engagingly written works of James's early and middle years. The Will to Believe and Other Essays in Popular Philosophy advances the liberating argument that each of us has the right to believe in hypotheses that are not susceptible to proof and that such beliefs might actually change the world. The conversational style of these essays reflects their origin in public lectures, as well as James's conviction that truth can be discovered as much in the course of everyday life as in the activities of science or of philosophical speculation. Talks to Teachers and to Students, also drawn from lectures, helped transform the emerging science of education. Here James applies his new psychology to classroom theory and conduct, especially for the primary grades. This immensely influential book has never gone out of print. It emphasizes the role in learning of instinct, play, and habit, along with the importance of engaging the voluntary interests of students. James's warm and sympathetic nature informs his treatment of children, who can best be taught by those who respect the child's autonomy and who avoid what he calls ""hammering in."" Psychology: Briefer Course is far more than a shortened version of his monumental Principles of Psychology. It significantly revises parts of the earlier work and adds important new materials. (Students liked to call the longer book ""James"" and the shorter one ""Jimmy"".) James's new psychology moved away from discussions of the soul, morality, and logic, and focused instead on instinct, will, and the importance of action and habit. Passages comparing human consciousness to ""a wonderful stream"" inspired the ""stream of consciousness"" in the future work of Joyce, Woolf, and Gertrude Stein, a student of James's at Harvard. ""Human Immortality,"" which defends the possibility of life after death, and eight more of James's most important essays round out this second volume devoted to a writer who was called by John Dewey ""almost a Columbus of the inner world."""
4284,9780971500747,0971500746,Transcending the Levels of Consciousness,David R. Hawkins,Religion,http://books.google.com/books/content?id=kXImmwEACAAJ&printsec=frontcover&img=1&zoom=1&source=gbs_api,"Explores the ego's expressions and inherent limitations and gives detailed explanations and instructions on how to transcend them. It expands the understanding of the levels of consciousness as presented in the wiedely-acclaimed Map of Consciousness. The book focuses on the individual, and studies the experiential subjective blocks to the advancement of awareness, at each level of consciousness. This leads to progressive spiritual awareness and on to higher levels of consciousness, providing specific steps for transcending each level, preparatory to advanced states such as Enlightenment itself. By analyzing the various obstacles and levels to be transcended, certain principles that support spiritual evolution are self-revealing. This book si therefore a practical manual rather than a comprehensive analysis.",2005.0,4.53,407.0,423.0,Transcending the Levels of Consciousness: The Stairway of Enlightenment,"9780971500747 Explores the ego's expressions and inherent limitations and gives detailed explanations and instructions on how to transcend them. It expands the understanding of the levels of consciousness as presented in the wiedely-acclaimed Map of Consciousness. The book focuses on the individual, and studies the experiential subjective blocks to the advancement of awareness, at each level of consciousness. This leads to progressive spiritual awareness and on to higher levels of consciousness, providing specific steps for transcending each level, preparatory to advanced states such as Enlightenment itself. By analyzing the various obstacles and levels to be transcended, certain principles that support spiritual evolution are self-revealing. This book si therefore a practical manual rather than a comprehensive analysis."
4344,9781400041275,1400041279,The Origin of Species,Charles Darwin,Science,http://books.google.com/books/content?id=arm7fmLePg8C&printsec=frontcover&img=1&zoom=1&source=gbs_api,A dual publication of two of the author's influential works includes his nineteenth-century discussion of his revolutionary theory of evolution by means of natural selection and his 1839 account of his journeys to South America and the Pacific Islands.,2003.0,4.13,1024.0,494.0,"The Origin of Species: And, The Voyage of the Beagle",9781400041275 A dual publication of two of the author's influential works includes his nineteenth-century discussion of his revolutionary theory of evolution by means of natural selection and his 1839 account of his journeys to South America and the Pacific Islands.
4360,9781400051571,1400051576,The Last Hours of Ancient Sunlight,Thom Hartmann,Political Science,http://books.google.com/books/content?id=7d4VDQAAQBAJ&printsec=frontcover&img=1&zoom=1&source=gbs_api,"A revised edition of a landmark study offers a passionate, visionary call to enlightened consciousness that combines spiritual thought and ecological principles to promote a positive future for the planet and its inhabitants. Reprint. 15,000 first printing.",2004.0,4.22,400.0,1341.0,The Last Hours of Ancient Sunlight: The Fate of the World and What We Can Do Before It's Too Late,"9781400051571 A revised edition of a landmark study offers a passionate, visionary call to enlightened consciousness that combines spiritual thought and ecological principles to promote a positive future for the planet and its inhabitants. Reprint. 15,000 first printing."
4367,9781400062454,1400062454,The Family that Couldn't Sleep,Daniel T. Max,Health & Fitness,http://books.google.com/books/content?id=oKjqwAEACAAJ&printsec=frontcover&img=1&zoom=1&source=gbs_api,"Explores prions, enigmatic brain proteins, and their influence on human life, examining the case of an Italian family victimized for two centuries by a fatal familial insomnia, and the links between prions and various brain maladies.",2006.0,3.9,299.0,4386.0,The Family that Couldn't Sleep: A Medical Mystery,"9781400062454 Explores prions, enigmatic brain proteins, and their influence on human life, examining the case of an Italian family victimized for two centuries by a fatal familial insomnia, and the links between prions and various brain maladies."
4470,9781411665309,1411665309,Existential Meditation,Simon Cleveland,Existentialism,http://books.google.com/books/content?id=8-2zkuSOPWsC&printsec=frontcover&img=1&zoom=1&edge=curl&source=gbs_api,"In this three-part discourse, Simon Cleveland offers a perspective on life derived partly from the latest scientific theories in cosmology and quantum mechanics and partly from analysis on the works of some of the greatest writers and philosophers of the nineteenth and twentieth centuries. The book explores topics such as the meaning of time, consciousness and the development of the essence. The author also examines the genesis of the concept of immortality.",2005.0,4.91,100.0,11.0,Existential Meditation,"9781411665309 In this three-part discourse, Simon Cleveland offers a perspective on life derived partly from the latest scientific theories in cosmology and quantum mechanics and partly from analysis on the works of some of the greatest writers and philosophers of the nineteenth and twentieth centuries. The book explores topics such as the meaning of time, consciousness and the development of the essence. The author also examines the genesis of the concept of immortality."
4692,9781571741028,157174102X,The Ultimate Time Machine,Joseph McMoneagle,"Body, Mind & Spirit",http://books.google.com/books/content?id=Jr0LmAz0gVQC&printsec=frontcover&img=1&zoom=1&source=gbs_api,"Joseph McMoneagle is an extraordinary remote viewer, a ""psychic spy,"" whose experiences have given him a special insight into the nature of time and human perception. For more than seventeen years, he was a researcher and remote viewer for the top-secret Army project STARGATE. For years after that, he journeyed through time while working in a consciousness-development lab with out-of-body experience pioneer Robert A. Monroe. McMoneagle explores the questions that philosophers have for centuries debated: Does time really exist? Do our actions today really affect our future? Can we change the past? Do we slip between alternate realities? In The Ultimate Time Machine, McMoneagle delivers new insights into these mysteries, including: First-hand information--including transcripts from lab sessions--on the origins of humanity, the crucifixion of Jesus Christ, and the building of the Egyptian pyramids. Provocative suggestions about the nature of time, creation, and a constantly changing past. A detailed picture of our immediate future through the year 2075. More than 150 very explicit predictions on world population, aging, religious fragmentation, lifestyle changes, technological developments, and dozens of major changes to laws, customs and practices--all within a positive and constructive framework. A vision of the year 3000, comprising a test of what the author calls the ""Verne Effect""--our ability to create and manipulate our future.",1998.0,3.49,275.0,56.0,"The Ultimate Time Machine: A Remote Viewer's Perception of Time, and Predictions for the New Millennium","9781571741028 Joseph McMoneagle is an extraordinary remote viewer, a ""psychic spy,"" whose experiences have given him a special insight into the nature of time and human perception. For more than seventeen years, he was a researcher and remote viewer for the top-secret Army project STARGATE. For years after that, he journeyed through time while working in a consciousness-development lab with out-of-body experience pioneer Robert A. Monroe. McMoneagle explores the questions that philosophers have for centuries debated: Does time really exist? Do our actions today really affect our future? Can we change the past? Do we slip between alternate realities? In The Ultimate Time Machine, McMoneagle delivers new insights into these mysteries, including: First-hand information--including transcripts from lab sessions--on the origins of humanity, the crucifixion of Jesus Christ, and the building of the Egyptian pyramids. Provocative suggestions about the nature of time, creation, and a constantly changing past. A detailed picture of our immediate future through the year 2075. More than 150 very explicit predictions on world population, aging, religious fragmentation, lifestyle changes, technological developments, and dozens of major changes to laws, customs and practices--all within a positive and constructive framework. A vision of the year 3000, comprising a test of what the author calls the ""Verne Effect""--our ability to create and manipulate our future."
4716,9781577312093,1577312090,The Inner Reaches of Outer Space,Joseph Campbell,Religion,http://books.google.com/books/content?id=5VOGAAAAQBAJ&printsec=frontcover&img=1&zoom=1&edge=curl&source=gbs_api,"Created from a powerful set of lectures delivered by the ""father of modern mythology,"" this exciting book--the second in the series Collected Works of Joseph Campbell--suggests that laws of physics that govern the universe are also at play within the human consciousness.",2002.0,4.22,160.0,943.0,The Inner Reaches of Outer Space: Metaphor as Myth and as Religion,"9781577312093 Created from a powerful set of lectures delivered by the ""father of modern mythology,"" this exciting book--the second in the series Collected Works of Joseph Campbell--suggests that laws of physics that govern the universe are also at play within the human consciousness."
4838,9781590300107,1590300106,Healing Emotions,Daniel Goleman,Health & Fitness,http://books.google.com/books/content?id=w7xvDwAAQBAJ&printsec=frontcover&img=1&zoom=1&edge=curl&source=gbs_api,"A new edition documents encounters between the Dalai Lama and prominent western psychologists, physicians, and meditation teachers to offer insight into the mind's ability to heal the body. Original.",2003.0,4.05,288.0,291.0,"Healing Emotions: Conversations with the Dalai Lama on Mindfulness, Emotions, and Health","9781590300107 A new edition documents encounters between the Dalai Lama and prominent western psychologists, physicians, and meditation teachers to offer insight into the mind's ability to heal the body. Original."
4898,9781593851170,1593851170,The Nature of Play,Anthony D. Pellegrini;Peter K. Smith,Psychology,http://books.google.com/books/content?id=Nukz6dJNCO0C&printsec=frontcover&img=1&zoom=1&edge=curl&source=gbs_api,"""Comprehensive and up to date, this tightly edited volume belongs on the desks of researchers and students in developmental psychology, comparative psychology, animal behavior, and evolutionary psychology, and will also be of interest to anthropologists. It is a richly informative text for advanced undergraduate- and graduate-level courses.""--BOOK JACKET.",2005.0,4.25,308.0,4.0,The Nature of Play: Great Apes and Humans,"9781593851170 ""Comprehensive and up to date, this tightly edited volume belongs on the desks of researchers and students in developmental psychology, comparative psychology, animal behavior, and evolutionary psychology, and will also be of interest to anthropologists. It is a richly informative text for advanced undergraduate- and graduate-level courses.""--BOOK JACKET."
4997,9781842931851,1842931857,Mysteries,Colin Wilson,"Body, Mind & Spirit",http://books.google.com/books/content?id=LiHQIYR2MwAC&printsec=frontcover&img=1&zoom=1&source=gbs_api,"Through his own cathartic experiences, Colin Wilson discovered that human beings consist of a ladder or hierarchy of selves, whose upper members may be called on at will for personal transformation and deep knowledge. ""Mysteries"" attempts to explain all paranormal phenomena -- from precognition to Uri Geller's spoon bending -- in terms of this theory. Included are detailed studies of haunting, possession, and "" demonic hypnosis, "" and also of magic, the Kabbalah, and astrology. At the heart of the book is a fascinating chapter on the "" Great Secret"" of the alchemists, which Wilson sees as the key to the mystery of the "" ladder of selves.""",2006.0,4.08,672.0,348.0,"Mysteries: An Investigation Into the Occult, the Paranormal and the Supernatural","9781842931851 Through his own cathartic experiences, Colin Wilson discovered that human beings consist of a ladder or hierarchy of selves, whose upper members may be called on at will for personal transformation and deep knowledge. ""Mysteries"" attempts to explain all paranormal phenomena -- from precognition to Uri Geller's spoon bending -- in terms of this theory. Included are detailed studies of haunting, possession, and "" demonic hypnosis, "" and also of magic, the Kabbalah, and astrology. At the heart of the book is a fascinating chapter on the "" Great Secret"" of the alchemists, which Wilson sees as the key to the mystery of the "" ladder of selves."""
